{"camera": {"intrinsics": [[513.8388297637891, 0.0, 890.0], [0, 685.1184396850521, 667.5], [0, 0, 1.0]], "field_of_view": {"y_axis_rads": 1.5447469356627963, "x_axis_rads": 2.0944000065826853}, "focal_length_mm": 100.0, "transform_world2cam": {"mat_4x4": [[-1.0, 0.0, -0.0, 0.0], [0.0, 0.9762960071199334, -0.21643961393810288, 0.0], [0.0, -0.21643961393810288, -0.9762960071199334, 0.0], [-0.0, -0.6052036728408292, -2.2216724588426553, 1.0]], "translation_xyz": [0.0, -0.6052036728408292, -2.2216724588426553], "quaternion_wxyz": [-6.666173491031695e-18, 0.9940563382223196, -0.10886687485196457, -6.086839563880512e-17]}, "sensor": {"width_mm": 52.86249, "height_mm": 29.735150625000006}, "transform_cam2world": {"mat_4x4": [[-1.0, 0.0, 0.0, 0.0], [0.0, 0.9762960071199334, -0.21643961393810288, 0.0], [0.0, -0.21643961393810288, -0.9762960071199334, 0.0], [0.0, 0.11, -2.3, 1.0]], "translation_xyz": [0.0, 0.11, -2.3], "quaternion_wxyz": [-6.666173491031695e-18, 0.9940563382223196, -0.10886687485196457, -6.086839563880512e-17]}}, "objects": [{"position": [0.0033083446323871613, 0.06210047006607056, -1.9902055263519287], "type": "shoes", "bounding-box": {"max": [0.12173030525445938, 0.12344677746295929, -1.86541748046875], "min": [-0.11511361598968506, 0.0007541626691818237, -2.1149935722351074]}, "mask_id": 2}], "random_seed": 0.8643307}