{"camera": {"intrinsics": [[513.8388297637891, 0.0, 890.0], [0, 685.1184396850521, 667.5], [0, 0, 1.0]], "field_of_view": {"y_axis_rads": 1.5447469356627963, "x_axis_rads": 2.0944000065826853}, "focal_length_mm": 100.0, "transform_world2cam": {"mat_4x4": [[-1.0, 0.0, -0.0, 0.0], [0.0, 0.9762960071199334, -0.21643961393810288, 0.0], [0.0, -0.21643961393810288, -0.9762960071199334, 0.0], [-0.0, -0.6052036728408292, -2.2216724588426553, 1.0]], "translation_xyz": [0.0, -0.6052036728408292, -2.2216724588426553], "quaternion_wxyz": [-6.666173491031695e-18, 0.9940563382223196, -0.10886687485196457, -6.086839563880512e-17]}, "sensor": {"width_mm": 52.86249, "height_mm": 29.735150625000006}, "transform_cam2world": {"mat_4x4": [[-1.0, 0.0, 0.0, 0.0], [0.0, 0.9762960071199334, -0.21643961393810288, 0.0], [0.0, -0.21643961393810288, -0.9762960071199334, 0.0], [0.0, 0.11, -2.3, 1.0]], "translation_xyz": [0.0, 0.11, -2.3], "quaternion_wxyz": [-6.666173491031695e-18, 0.9940563382223196, -0.10886687485196457, -6.086839563880512e-17]}}, "objects": [{"position": [0.0325675904750824, 0.01069013960659504, -1.9689178466796875], "type": "cords", "bounding-box": {"max": [0.5867497324943542, 0.021087637171149254, -1.6084117889404297], "min": [-0.5216145515441895, 0.0002926420420408249, -2.3294239044189453]}, "mask_id": 2}], "random_seed": 0.7658517}