{
    "camera": {
        "intrinsics": [
            [
                295.6016638641123,
                0.0,
                512.0
            ],
            [
                0,
                295.6016638641123,
                384.0
            ],
            [
                0,
                0,
                1.0
            ]
        ],
        "field_of_view": {
            "y_axis_rads": 1.5447469356627963,
            "x_axis_rads": 2.0944000065826853
        },
        "focal_length_mm": 15.26,
        "transform_world2cam": {
            "mat_4x4": [
                [
                    -0.999538384998946,
                    -0.008818787471414862,
                    0.029073113029620432,
                    0.0
                ],
                [
                    0.0,
                    0.9569444039446666,
                    0.2902712658169708,
                    0.0
                ],
                [
                    -0.030381193421244488,
                    0.2901372722462947,
                    -0.9565026640526311,
                    0.0
                ],
                [
                    -5.580744903352364e-08,
                    1.0105559373585451e-08,
                    -0.6535266815859501,
                    1.0
                ]
            ],
            "translation_xyz": [
                -5.580744903352364e-08,
                1.0105559373585451e-08,
                -0.6535266815859501
            ],
            "quaternion_wxyz": [
                -0.00222907542595964,
                0.9890633767605901,
                0.14670660942988234,
                -0.01502793143690954
            ]
        },
        "sensor": {
            "width_mm": 52.86249,
            "height_mm": 29.735150625
        },
        "transform_cam2world": {
            "mat_4x4": [
                [
                    -0.9995383849989459,
                    0.0,
                    -0.030381193421244485,
                    0.0
                ],
                [
                    -0.008818787471414864,
                    0.9569444039446667,
                    0.29013727224629476,
                    0.0
                ],
                [
                    0.029073113029620432,
                    0.2902712658169708,
                    -0.9565026640526311,
                    0.0
                ],
                [
                    0.01899999938905239,
                    0.18970000743865967,
                    -0.6251000165939331,
                    1.0
                ]
            ],
            "translation_xyz": [
                0.01899999938905239,
                0.18970000743865967,
                -0.6251000165939331
            ],
            "quaternion_wxyz": [
                -0.002229075425959665,
                0.9890633767605901,
                0.1467066094298824,
                0.015027931436909394
            ]
        }
    },
    "objects": [
        {
            "position": [
                7.5,
                0.0,
                0.0
            ],
            "id": 0,
            "orientation": [
                0.0,
                0.0,
                0.0,
                1.0
            ]
        },
        {
            "position": [
                0.0,
                0.0,
                1.2999999523162842
            ],
            "id": 1,
            "orientation": [
                0.0,
                0.5606287717819214,
                0.0,
                0.8280672430992126
            ]
        }
    ]
}