{
    "camera": {
        "intrinsics": [
            [
                295.6016638641123,
                0.0,
                512.0
            ],
            [
                0,
                295.6016638641123,
                384.0
            ],
            [
                0,
                0,
                1.0
            ]
        ],
        "field_of_view": {
            "y_axis_rads": 1.5447469356627963,
            "x_axis_rads": 2.0944000065826853
        },
        "focal_length_mm": 15.26,
        "transform_world2cam": {
            "mat_4x4": [
                [
                    -0.811578805385381,
                    0.2876082273638139,
                    -0.5085482771594875,
                    -0.0
                ],
                [
                    -2.980232821586215e-08,
                    0.8704396892180757,
                    0.4922750729357914,
                    0.0
                ],
                [
                    0.5842429654255474,
                    0.3995200307701534,
                    -0.7064303945642334,
                    0.0
                ],
                [
                    -1.5238435530248728e-07,
                    1.372097717412079e-07,
                    -0.8848713979683249,
                    1.0
                ]
            ],
            "translation_xyz": [
                -1.5238435530248728e-07,
                1.372097717412079e-07,
                -0.8848713979683249
            ],
            "quaternion_wxyz": [
                0.07812153986061826,
                0.9203869959380795,
                0.24223373093103284,
                0.29682928143482645
            ]
        },
        "sensor": {
            "width_mm": 52.86249,
            "height_mm": 29.735150625
        },
        "transform_cam2world": {
            "mat_4x4": [
                [
                    -0.8115788053853809,
                    -2.9802328165471026e-08,
                    0.5842429654255472,
                    0.0
                ],
                [
                    0.28760822736381386,
                    0.8704396892180759,
                    0.39952003077015347,
                    0.0
                ],
                [
                    -0.5085482771594875,
                    0.49227507293579137,
                    -0.7064303945642334,
                    0.0
                ],
                [
                    -0.44999998807907104,
                    0.43560001254081726,
                    -0.6251000165939331,
                    1.0
                ]
            ],
            "translation_xyz": [
                -0.44999998807907104,
                0.43560001254081726,
                -0.6251000165939331
            ],
            "quaternion_wxyz": [
                0.0781215398606183,
                0.9203869959380796,
                0.2422337309310327,
                -0.29682928143482645
            ]
        }
    },
    "objects": [
        {
            "position": [
                7.5,
                0.0,
                0.0
            ],
            "id": 0,
            "orientation": [
                0.0,
                0.0,
                0.0,
                1.0
            ]
        },
        {
            "position": [
                0.0,
                0.0,
                1.2999999523162842
            ],
            "id": 1,
            "orientation": [
                0.0,
                0.5606287717819214,
                0.0,
                0.8280672430992126
            ]
        }
    ]
}