{
    "camera": {
        "intrinsics": [
            [
                295.6016638641123,
                0.0,
                512.0
            ],
            [
                0,
                295.6016638641123,
                384.0
            ],
            [
                0,
                0,
                1.0
            ]
        ],
        "field_of_view": {
            "y_axis_rads": 1.5447469356627963,
            "x_axis_rads": 2.0944000065826853
        },
        "focal_length_mm": 15.26,
        "transform_world2cam": {
            "mat_4x4": [
                [
                    -0.7690778056616212,
                    -0.3019174732817907,
                    0.5633517268686098,
                    -0.0
                ],
                [
                    -8.538478875737234e-17,
                    0.8814005659872819,
                    0.47236960346459544,
                    0.0
                ],
                [
                    -0.6391551680450573,
                    0.36328897809380123,
                    -0.6778656131984095,
                    -0.0
                ],
                [
                    2.7092244248928227e-08,
                    -1.881006806649416e-08,
                    -0.9221592430306773,
                    1.0
                ]
            ],
            "translation_xyz": [
                2.7092244248928227e-08,
                -1.881006806649416e-08,
                -0.9221592430306773
            ],
            "quaternion_wxyz": [
                -0.08274545538805528,
                0.91218747865328,
                0.22902599550920508,
                -0.32956681686998285
            ]
        },
        "sensor": {
            "width_mm": 52.86249,
            "height_mm": 29.735150625
        },
        "transform_cam2world": {
            "mat_4x4": [
                [
                    -0.7690778056616212,
                    0.0,
                    -0.6391551680450575,
                    0.0
                ],
                [
                    -0.3019174732817907,
                    0.8814005659872819,
                    0.36328897809380123,
                    0.0
                ],
                [
                    0.5633517268686099,
                    0.4723696034645955,
                    -0.6778656131984098,
                    0.0
                ],
                [
                    0.5195000171661377,
                    0.43560001254081726,
                    -0.6251000165939331,
                    1.0
                ]
            ],
            "translation_xyz": [
                0.5195000171661377,
                0.43560001254081726,
                -0.6251000165939331
            ],
            "quaternion_wxyz": [
                -0.08274545538805533,
                0.91218747865328,
                0.22902599550920505,
                0.32956681686998274
            ]
        }
    },
    "objects": [
        {
            "position": [
                7.5,
                0.0,
                0.0
            ],
            "id": 0,
            "orientation": [
                0.0,
                0.0,
                0.0,
                1.0
            ]
        },
        {
            "position": [
                0.0,
                0.0,
                1.2999999523162842
            ],
            "id": 1,
            "orientation": [
                0.0,
                0.5606287717819214,
                0.0,
                0.8280672430992126
            ]
        }
    ]
}